ticker,pl_excl_fx,pl_fx,pl_total,chg_1d_pct,pl_1d,pl_pct,total_return_pct,fecha_snapshot
ASML,1531.35,-242.79,1288.57,3.51,315.14,16.08,16.08,2026-10-02
PRY,786.98,-224.96,562.02,3.96,328.7,6.98,6.98,2026-10-02
CDNS,1590.38,0.0,1590.38,0.18,13.64,25.9,25.9,2026-10-02
2330,301.79,-7.5,294.29,-0.4,-25.12,4.92,5.21,2026-10-02
ETN,472.45,0.0,472.45,-0.27,-12.87,10.92,10.92,2026-10-02
PWR,381.78,0.0,381.78,2.11,97.72,8.77,8.77,2026-10-02
VRT,266.22,0.0,266.22,2.46,109.08,6.23,6.23,2026-10-02
SMH,623.7,0.0,623.7,2.07,89.53,16.45,16.45,2026-10-02
ASM,857.37,-111.02,746.36,5.45,219.7,21.28,21.28,2026-10-02
IFX,710.01,-110.13,599.88,8.78,340.75,16.57,16.57,2026-10-02
CEG,-113.28,0.0,-113.28,-0.55,-22.88,-2.68,-2.68,2026-10-02
A000660,320.48,11.12,331.61,0.44,17.85,8.78,8.78,2026-10-02
MTRS,-243.53,-107.92,-351.46,2.2,84.98,-8.17,-8.17,2026-10-02
CCJ,-371.68,0.0,-371.68,-0.6,-23.46,-8.66,-8.66,2026-10-02
MTSI,901.78,0.0,901.78,6.62,219.67,34.21,34.21,2026-10-02
COHR,705.4,0.0,705.4,5.59,178.5,26.47,26.47,2026-10-02
GFS,411.06,0.0,411.06,3.06,92.38,15.23,15.23,2026-10-02
NLR,-195.17,0.0,-195.17,-0.01,-0.29,-6.15,-6.15,2026-10-02
FCX,105.3,0.0,105.3,3.98,107.64,3.89,3.89,2026-10-02
HWM,49.68,0.0,49.68,1.27,34.68,1.82,1.82,2026-10-02
NKT,40.16,-68.47,-28.31,2.88,75.31,-1.04,-1.04,2026-10-02
ATI,59.78,0.0,59.78,0.67,17.92,2.27,2.27,2026-10-02
BKR,-37.44,0.0,-37.44,0.68,18.24,-1.37,-1.37,2026-10-02
3750,-358.99,-1.16,-360.15,-1.53,-36.78,-13.19,-13.19,2026-10-02
DFEN,14.53,-56.53,-42.0,0.72,15.41,-1.9,-1.9,2026-10-02
A267250,-371.3,4.45,-366.85,1.77,28.64,-18.24,-18.24,2026-10-02
QUTMF,34.97,0.0,34.97,3.5,35.3,3.46,3.46,2026-10-02
NEO,0.47,-17.28,-16.81,-4.68,-33.81,-2.38,-2.38,2026-10-02
